<?xml version="1.0" encoding="UTF-8"?>
<GenRun Id="impl_1" LaunchPart="xc7a75tfgg484-1" LaunchTime="1685953343">
  <File Type="ROUTE-PWR" Name="RISCVpipeline_power_routed.rpt"/>
  <File Type="PA-TCL" Name="RISCVpipeline.tcl"/>
  <File Type="ROUTE-PWR-SUM" Name="RISCVpipeline_power_summary_routed.pb"/>
  <File Type="REPORTS-TCL" Name="RISCVpipeline_reports.tcl"/>
  <File Type="BITSTR-MSK" Name="RISCVpipeline.msk"/>
  <File Type="ROUTE-CLK" Name="RISCVpipeline_clock_utilization_routed.rpt"/>
  <File Type="RDI-RDI" Name="RISCVpipeline.vdi"/>
  <File Type="BG-BIT" Name="RISCVpipeline.bit"/>
  <File Type="BG-DRC" Name="RISCVpipeline.drc"/>
  <File Type="BG-BGN" Name="RISCVpipeline.bgn"/>
  <File Type="BG-BIN" Name="RISCVpipeline.bin"/>
  <File Type="BITSTR-RBT" Name="RISCVpipeline.rbt"/>
  <File Type="BITSTR-NKY" Name="RISCVpipeline.nky"/>
  <File Type="BITSTR-BMM" Name="RISCVpipeline_bd.bmm"/>
  <File Type="ROUTE-METHODOLOGY-DRC" Name="RISCVpipeline_methodology_drc_routed.rpt"/>
  <File Type="BITSTR-MMI" Name="RISCVpipeline.mmi"/>
  <File Type="ROUTE-METHODOLOGY-DRC-PB" Name="RISCVpipeline_methodology_drc_routed.pb"/>
  <File Type="BITSTR-SYSDEF" Name="RISCVpipeline.sysdef"/>
  <File Type="ROUTE-DRC-RPX" Name="RISCVpipeline_drc_routed.rpx"/>
  <File Type="BITSTR-LTX" Name="debug_nets.ltx"/>
  <File Type="BITSTR-LTX" Name="RISCVpipeline.ltx"/>
  <File Type="RCFI_FILE" Name="RISCVpipeline.rcfi"/>
  <File Type="WBT-USG" Name="usage_statistics_webtalk.html"/>
  <File Type="OPT-DRC" Name="RISCVpipeline_drc_opted.rpt"/>
  <File Type="OPT-HWDEF" Name="RISCVpipeline.hwdef"/>
  <File Type="PLACE-IO" Name="RISCVpipeline_io_placed.rpt"/>
  <File Type="PLACE-UTIL" Name="RISCVpipeline_utilization_placed.rpt"/>
  <File Type="PLACE-UTIL-PB" Name="RISCVpipeline_utilization_placed.pb"/>
  <File Type="PLACE-CTRL" Name="RISCVpipeline_control_sets_placed.rpt"/>
  <File Type="PLACE-PRE-SIMILARITY" Name="RISCVpipeline_incremental_reuse_pre_placed.rpt"/>
  <File Type="ROUTE-DRC" Name="RISCVpipeline_drc_routed.rpt"/>
  <File Type="ROUTE-DRC-PB" Name="RISCVpipeline_drc_routed.pb"/>
  <File Type="ROUTE-PWR-RPX" Name="RISCVpipeline_power_routed.rpx"/>
  <File Type="ROUTE-STATUS" Name="RISCVpipeline_route_status.rpt"/>
  <File Type="ROUTE-STATUS-PB" Name="RISCVpipeline_route_status.pb"/>
  <File Type="ROUTE-DCP" Name="RISCVpipeline_routed.dcp"/>
  <File Type="ROUTE-ERROR-DCP" Name="RISCVpipeline_routed_error.dcp"/>
  <File Type="ROUTE-BLACKBOX-DCP" Name="RISCVpipeline_routed_bb.dcp"/>
  <File Type="ROUTE-TIMINGSUMMARY" Name="RISCVpipeline_timing_summary_routed.rpt"/>
  <File Type="ROUTE-TIMING-PB" Name="RISCVpipeline_timing_summary_routed.pb"/>
  <File Type="ROUTE-TIMING-RPX" Name="RISCVpipeline_timing_summary_routed.rpx"/>
  <File Type="ROUTE-BUS-SKEW" Name="RISCVpipeline_bus_skew_routed.rpt"/>
  <File Type="ROUTE-BUS-SKEW-PB" Name="RISCVpipeline_bus_skew_routed.pb"/>
  <File Type="ROUTE-BUS-SKEW-RPX" Name="RISCVpipeline_bus_skew_routed.rpx"/>
  <File Type="OPT-DCP" Name="RISCVpipeline_opt.dcp"/>
  <File Type="PLACE-DCP" Name="RISCVpipeline_placed.dcp"/>
  <File Type="PWROPT-DCP" Name="RISCVpipeline_pwropt.dcp"/>
  <File Type="POSTPLACE-PWROPT-DCP" Name="RISCVpipeline_postplace_pwropt.dcp"/>
  <File Type="PHYSOPT-DCP" Name="RISCVpipeline_physopt.dcp"/>
  <File Type="POSTROUTE-PHYSOPT-DCP" Name="RISCVpipeline_postroute_physopt.dcp"/>
  <File Type="POSTROUTE-PHYSOPT-BLACKBOX-DCP" Name="RISCVpipeline_postroute_physopt_bb.dcp"/>
  <File Type="ROUTE-METHODOLOGY-DRC-RPX" Name="RISCVpipeline_methodology_drc_routed.rpx"/>
  <File Type="PDI-FILE" Name="RISCVpipeline.pdi"/>
  <File Type="CFI_FILE" Name="RISCVpipeline.cfi"/>
  <File Type="RNPI_FILE" Name="RISCVpipeline.rnpi"/>
  <File Type="NPI_FILE" Name="RISCVpipeline.npi"/>
  <File Type="RBD_FILE" Name="RISCVpipeline.rbd"/>
  <FileSet Name="sources" Type="DesignSrcs" RelSrcDir="$PSRCDIR/sources_1" RelGenDir="$PGENDIR/sources_1">
    <Filter Type="Srcs"/>
    <File Path="$PSRCDIR/sources_1/imports/CAProject-hyonestar19_pipeline/CA/ALU.v">
      <FileInfo>
        <Attr Name="ImportPath" Val="$PPRDIR/../CAProject-hyonestar19_pipeline/CAProject-hyonestar19_pipeline/CA/ALU.v"/>
        <Attr Name="ImportTime" Val="1685948019"/>
        <Attr Name="UsedIn" Val="synthesis"/>
        <Attr Name="UsedIn" Val="implementation"/>
        <Attr Name="UsedIn" Val="simulation"/>
      </FileInfo>
    </File>
    <File Path="$PSRCDIR/sources_1/imports/CAProject-hyonestar19_pipeline/CA/ALU_control.v">
      <FileInfo>
        <Attr Name="ImportPath" Val="$PPRDIR/../CAProject-hyonestar19_pipeline/CAProject-hyonestar19_pipeline/CA/ALU_control.v"/>
        <Attr Name="ImportTime" Val="1685948019"/>
        <Attr Name="UsedIn" Val="synthesis"/>
        <Attr Name="UsedIn" Val="implementation"/>
        <Attr Name="UsedIn" Val="simulation"/>
      </FileInfo>
    </File>
    <File Path="$PSRCDIR/sources_1/imports/CAProject-hyonestar19_pipeline/CA/Control_unit.v">
      <FileInfo>
        <Attr Name="ImportPath" Val="$PPRDIR/../CAProject-hyonestar19_pipeline/CAProject-hyonestar19_pipeline/CA/Control_unit.v"/>
        <Attr Name="ImportTime" Val="1685948019"/>
        <Attr Name="UsedIn" Val="synthesis"/>
        <Attr Name="UsedIn" Val="implementation"/>
        <Attr Name="UsedIn" Val="simulation"/>
      </FileInfo>
    </File>
    <File Path="$PSRCDIR/sources_1/imports/CAProject-hyonestar19_pipeline/CA/Execution.v">
      <FileInfo>
        <Attr Name="ImportPath" Val="$PPRDIR/../CAProject-hyonestar19_pipeline/CAProject-hyonestar19_pipeline/CA/Execution.v"/>
        <Attr Name="ImportTime" Val="1685948019"/>
        <Attr Name="UsedIn" Val="synthesis"/>
        <Attr Name="UsedIn" Val="implementation"/>
        <Attr Name="UsedIn" Val="simulation"/>
      </FileInfo>
    </File>
    <File Path="$PSRCDIR/sources_1/imports/CAProject-hyonestar19_pipeline/CA/Forwarding_unit.v">
      <FileInfo>
        <Attr Name="ImportPath" Val="$PPRDIR/../CAProject-hyonestar19_pipeline/CAProject-hyonestar19_pipeline/CA/Forwarding_unit.v"/>
        <Attr Name="ImportTime" Val="1685948019"/>
        <Attr Name="UsedIn" Val="synthesis"/>
        <Attr Name="UsedIn" Val="implementation"/>
        <Attr Name="UsedIn" Val="simulation"/>
      </FileInfo>
    </File>
    <File Path="$PSRCDIR/sources_1/imports/CAProject-hyonestar19_pipeline/CA/Hazard_detection_unit.v">
      <FileInfo>
        <Attr Name="ImportPath" Val="$PPRDIR/../CAProject-hyonestar19_pipeline/CAProject-hyonestar19_pipeline/CA/Hazard_detection_unit.v"/>
        <Attr Name="ImportTime" Val="1685948019"/>
        <Attr Name="UsedIn" Val="synthesis"/>
        <Attr Name="UsedIn" Val="implementation"/>
        <Attr Name="UsedIn" Val="simulation"/>
      </FileInfo>
    </File>
    <File Path="$PSRCDIR/sources_1/imports/CAProject-hyonestar19_pipeline/CA/InDecode.v">
      <FileInfo>
        <Attr Name="ImportPath" Val="$PPRDIR/../CAProject-hyonestar19_pipeline/CAProject-hyonestar19_pipeline/CA/InDecode.v"/>
        <Attr Name="ImportTime" Val="1685948019"/>
        <Attr Name="UsedIn" Val="synthesis"/>
        <Attr Name="UsedIn" Val="implementation"/>
        <Attr Name="UsedIn" Val="simulation"/>
      </FileInfo>
    </File>
    <File Path="$PSRCDIR/sources_1/imports/CAProject-hyonestar19_pipeline/CA/InFetch.v">
      <FileInfo>
        <Attr Name="ImportPath" Val="$PPRDIR/../CAProject-hyonestar19_pipeline/CAProject-hyonestar19_pipeline/CA/InFetch.v"/>
        <Attr Name="ImportTime" Val="1685948019"/>
        <Attr Name="UsedIn" Val="synthesis"/>
        <Attr Name="UsedIn" Val="implementation"/>
        <Attr Name="UsedIn" Val="simulation"/>
      </FileInfo>
    </File>
    <File Path="$PSRCDIR/sources_1/imports/CAProject-hyonestar19_pipeline/Project2023_files/LED_channel.v">
      <FileInfo>
        <Attr Name="ImportPath" Val="$PPRDIR/../CAProject-hyonestar19_pipeline/CAProject-hyonestar19_pipeline/Project2023_files/LED_channel.v"/>
        <Attr Name="ImportTime" Val="1685948020"/>
        <Attr Name="UsedIn" Val="synthesis"/>
        <Attr Name="UsedIn" Val="implementation"/>
        <Attr Name="UsedIn" Val="simulation"/>
      </FileInfo>
    </File>
    <File Path="$PSRCDIR/sources_1/imports/CAProject-hyonestar19_pipeline/Memory.v">
      <FileInfo>
        <Attr Name="ImportPath" Val="$PPRDIR/../CAProject-hyonestar19_pipeline/CAProject-hyonestar19_pipeline/Memory.v"/>
        <Attr Name="ImportTime" Val="1685948019"/>
        <Attr Name="UsedIn" Val="synthesis"/>
        <Attr Name="UsedIn" Val="implementation"/>
        <Attr Name="UsedIn" Val="simulation"/>
      </FileInfo>
    </File>
    <File Path="$PSRCDIR/sources_1/imports/CAProject-hyonestar19_pipeline/CA/PC.v">
      <FileInfo>
        <Attr Name="ImportPath" Val="$PPRDIR/../CAProject-hyonestar19_pipeline/CAProject-hyonestar19_pipeline/CA/PC.v"/>
        <Attr Name="ImportTime" Val="1685948020"/>
        <Attr Name="UsedIn" Val="synthesis"/>
        <Attr Name="UsedIn" Val="implementation"/>
        <Attr Name="UsedIn" Val="simulation"/>
      </FileInfo>
    </File>
    <File Path="$PSRCDIR/sources_1/imports/CAProject-hyonestar19_pipeline/CA/WB.v">
      <FileInfo>
        <Attr Name="ImportPath" Val="$PPRDIR/../CAProject-hyonestar19_pipeline/CAProject-hyonestar19_pipeline/CA/WB.v"/>
        <Attr Name="ImportTime" Val="1685948020"/>
        <Attr Name="UsedIn" Val="synthesis"/>
        <Attr Name="UsedIn" Val="implementation"/>
        <Attr Name="UsedIn" Val="simulation"/>
      </FileInfo>
    </File>
    <File Path="$PSRCDIR/sources_1/imports/CAProject-hyonestar19_pipeline/Project2023_files/counter.v">
      <FileInfo>
        <Attr Name="ImportPath" Val="$PPRDIR/../CAProject-hyonestar19_pipeline/CAProject-hyonestar19_pipeline/Project2023_files/counter.v"/>
        <Attr Name="ImportTime" Val="1685948020"/>
        <Attr Name="UsedIn" Val="synthesis"/>
        <Attr Name="UsedIn" Val="implementation"/>
        <Attr Name="UsedIn" Val="simulation"/>
      </FileInfo>
    </File>
    <File Path="$PSRCDIR/sources_1/imports/CAProject-hyonestar19_pipeline/CA/iMEM.v">
      <FileInfo>
        <Attr Name="ImportPath" Val="$PPRDIR/../CAProject-hyonestar19_pipeline/CAProject-hyonestar19_pipeline/CA/iMEM.v"/>
        <Attr Name="ImportTime" Val="1685948020"/>
        <Attr Name="UsedIn" Val="synthesis"/>
        <Attr Name="UsedIn" Val="implementation"/>
        <Attr Name="UsedIn" Val="simulation"/>
      </FileInfo>
    </File>
    <File Path="$PSRCDIR/sources_1/imports/CAProject-hyonestar19_pipeline/CA/RISCVpipeline.v">
      <FileInfo>
        <Attr Name="ImportPath" Val="$PPRDIR/../CAProject-hyonestar19_pipeline/CAProject-hyonestar19_pipeline/CA/RISCVpipeline.v"/>
        <Attr Name="ImportTime" Val="1685948020"/>
        <Attr Name="UsedIn" Val="synthesis"/>
        <Attr Name="UsedIn" Val="implementation"/>
        <Attr Name="UsedIn" Val="simulation"/>
      </FileInfo>
    </File>
    <File Path="$PSRCDIR/sources_1/imports/src/darksocv.ram.mem">
      <FileInfo>
        <Attr Name="ImportPath" Val="$PPRDIR/../CAProject-hyonestar19_pipeline/CAProject-hyonestar19_pipeline/src/darksocv.ram.mem"/>
        <Attr Name="ImportTime" Val="1685948020"/>
        <Attr Name="UsedIn" Val="synthesis"/>
        <Attr Name="UsedIn" Val="simulation"/>
      </FileInfo>
    </File>
    <File Path="$PSRCDIR/sources_1/imports/src/darksocv.rom.mem">
      <FileInfo>
        <Attr Name="ImportPath" Val="$PPRDIR/../CAProject-hyonestar19_pipeline/CAProject-hyonestar19_pipeline/src/darksocv.rom.mem"/>
        <Attr Name="ImportTime" Val="1685948020"/>
        <Attr Name="UsedIn" Val="synthesis"/>
        <Attr Name="UsedIn" Val="simulation"/>
      </FileInfo>
    </File>
    <Config>
      <Option Name="DesignMode" Val="RTL"/>
      <Option Name="TopModule" Val="RISCVpipeline"/>
      <Option Name="TopAutoSet" Val="TRUE"/>
    </Config>
  </FileSet>
  <FileSet Name="constrs_in" Type="Constrs" RelSrcDir="$PSRCDIR/constrs_1">
    <Filter Type="Constrs"/>
    <File Path="$PSRCDIR/constrs_1/imports/RISCV/RISCV.xdc">
      <FileInfo>
        <Attr Name="ImportPath" Val="$PPRDIR/../RISCV.xdc"/>
        <Attr Name="ImportTime" Val="1685951941"/>
        <Attr Name="UsedIn" Val="synthesis"/>
        <Attr Name="UsedIn" Val="implementation"/>
      </FileInfo>
    </File>
    <Config>
      <Option Name="ConstrsType" Val="XDC"/>
    </Config>
  </FileSet>
  <FileSet Name="utils" Type="Utils" RelSrcDir="$PSRCDIR/utils_1">
    <Filter Type="Utils"/>
    <Config>
      <Option Name="TopAutoSet" Val="TRUE"/>
    </Config>
  </FileSet>
  <Strategy Version="1" Minor="2">
    <StratHandle Name="Vivado Implementation Defaults" Flow="Vivado Implementation 2020"/>
    <Step Id="init_design"/>
    <Step Id="opt_design"/>
    <Step Id="power_opt_design"/>
    <Step Id="place_design"/>
    <Step Id="post_place_power_opt_design"/>
    <Step Id="phys_opt_design"/>
    <Step Id="route_design"/>
    <Step Id="post_route_phys_opt_design"/>
    <Step Id="write_bitstream"/>
    <Step Id="write_device_image"/>
  </Strategy>
</GenRun>
