<?xml version="1.0" encoding="UTF-8"?>
<GenRun Id="synth_1" LaunchPart="xc7a75tfgg484-1" LaunchTime="1685953343">
  <File Type="PA-TCL" Name="RISCVpipeline.tcl"/>
  <File Type="REPORTS-TCL" Name="RISCVpipeline_reports.tcl"/>
  <File Type="RDS-RDS" Name="RISCVpipeline.vds"/>
  <File Type="RDS-UTIL" Name="RISCVpipeline_utilization_synth.rpt"/>
  <File Type="RDS-UTIL-PB" Name="RISCVpipeline_utilization_synth.pb"/>
  <File Type="RDS-DCP" Name="RISCVpipeline.dcp"/>
  <FileSet Name="sources" Type="DesignSrcs" RelSrcDir="$PSRCDIR/sources_1" RelGenDir="$PGENDIR/sources_1">
    <Filter Type="Srcs"/>
    <File Path="$PSRCDIR/sources_1/imports/CAProject-hyonestar19_pipeline/CA/ALU.v">
      <FileInfo>
        <Attr Name="ImportPath" Val="$PPRDIR/../CAProject-hyonestar19_pipeline/CAProject-hyonestar19_pipeline/CA/ALU.v"/>
        <Attr Name="ImportTime" Val="1685948019"/>
        <Attr Name="UsedIn" Val="synthesis"/>
        <Attr Name="UsedIn" Val="implementation"/>
        <Attr Name="UsedIn" Val="simulation"/>
      </FileInfo>
    </File>
    <File Path="$PSRCDIR/sources_1/imports/CAProject-hyonestar19_pipeline/CA/ALU_control.v">
      <FileInfo>
        <Attr Name="ImportPath" Val="$PPRDIR/../CAProject-hyonestar19_pipeline/CAProject-hyonestar19_pipeline/CA/ALU_control.v"/>
        <Attr Name="ImportTime" Val="1685948019"/>
        <Attr Name="UsedIn" Val="synthesis"/>
        <Attr Name="UsedIn" Val="implementation"/>
        <Attr Name="UsedIn" Val="simulation"/>
      </FileInfo>
    </File>
    <File Path="$PSRCDIR/sources_1/imports/CAProject-hyonestar19_pipeline/CA/Control_unit.v">
      <FileInfo>
        <Attr Name="ImportPath" Val="$PPRDIR/../CAProject-hyonestar19_pipeline/CAProject-hyonestar19_pipeline/CA/Control_unit.v"/>
        <Attr Name="ImportTime" Val="1685948019"/>
        <Attr Name="UsedIn" Val="synthesis"/>
        <Attr Name="UsedIn" Val="implementation"/>
        <Attr Name="UsedIn" Val="simulation"/>
      </FileInfo>
    </File>
    <File Path="$PSRCDIR/sources_1/imports/CAProject-hyonestar19_pipeline/CA/Execution.v">
      <FileInfo>
        <Attr Name="ImportPath" Val="$PPRDIR/../CAProject-hyonestar19_pipeline/CAProject-hyonestar19_pipeline/CA/Execution.v"/>
        <Attr Name="ImportTime" Val="1685948019"/>
        <Attr Name="UsedIn" Val="synthesis"/>
        <Attr Name="UsedIn" Val="implementation"/>
        <Attr Name="UsedIn" Val="simulation"/>
      </FileInfo>
    </File>
    <File Path="$PSRCDIR/sources_1/imports/CAProject-hyonestar19_pipeline/CA/Forwarding_unit.v">
      <FileInfo>
        <Attr Name="ImportPath" Val="$PPRDIR/../CAProject-hyonestar19_pipeline/CAProject-hyonestar19_pipeline/CA/Forwarding_unit.v"/>
        <Attr Name="ImportTime" Val="1685948019"/>
        <Attr Name="UsedIn" Val="synthesis"/>
        <Attr Name="UsedIn" Val="implementation"/>
        <Attr Name="UsedIn" Val="simulation"/>
      </FileInfo>
    </File>
    <File Path="$PSRCDIR/sources_1/imports/CAProject-hyonestar19_pipeline/CA/Hazard_detection_unit.v">
      <FileInfo>
        <Attr Name="ImportPath" Val="$PPRDIR/../CAProject-hyonestar19_pipeline/CAProject-hyonestar19_pipeline/CA/Hazard_detection_unit.v"/>
        <Attr Name="ImportTime" Val="1685948019"/>
        <Attr Name="UsedIn" Val="synthesis"/>
        <Attr Name="UsedIn" Val="implementation"/>
        <Attr Name="UsedIn" Val="simulation"/>
      </FileInfo>
    </File>
    <File Path="$PSRCDIR/sources_1/imports/CAProject-hyonestar19_pipeline/CA/InDecode.v">
      <FileInfo>
        <Attr Name="ImportPath" Val="$PPRDIR/../CAProject-hyonestar19_pipeline/CAProject-hyonestar19_pipeline/CA/InDecode.v"/>
        <Attr Name="ImportTime" Val="1685948019"/>
        <Attr Name="UsedIn" Val="synthesis"/>
        <Attr Name="UsedIn" Val="implementation"/>
        <Attr Name="UsedIn" Val="simulation"/>
      </FileInfo>
    </File>
    <File Path="$PSRCDIR/sources_1/imports/CAProject-hyonestar19_pipeline/CA/InFetch.v">
      <FileInfo>
        <Attr Name="ImportPath" Val="$PPRDIR/../CAProject-hyonestar19_pipeline/CAProject-hyonestar19_pipeline/CA/InFetch.v"/>
        <Attr Name="ImportTime" Val="1685948019"/>
        <Attr Name="UsedIn" Val="synthesis"/>
        <Attr Name="UsedIn" Val="implementation"/>
        <Attr Name="UsedIn" Val="simulation"/>
      </FileInfo>
    </File>
    <File Path="$PSRCDIR/sources_1/imports/CAProject-hyonestar19_pipeline/Project2023_files/LED_channel.v">
      <FileInfo>
        <Attr Name="ImportPath" Val="$PPRDIR/../CAProject-hyonestar19_pipeline/CAProject-hyonestar19_pipeline/Project2023_files/LED_channel.v"/>
        <Attr Name="ImportTime" Val="1685948020"/>
        <Attr Name="UsedIn" Val="synthesis"/>
        <Attr Name="UsedIn" Val="implementation"/>
        <Attr Name="UsedIn" Val="simulation"/>
      </FileInfo>
    </File>
    <File Path="$PSRCDIR/sources_1/imports/CAProject-hyonestar19_pipeline/Memory.v">
      <FileInfo>
        <Attr Name="ImportPath" Val="$PPRDIR/../CAProject-hyonestar19_pipeline/CAProject-hyonestar19_pipeline/Memory.v"/>
        <Attr Name="ImportTime" Val="1685948019"/>
        <Attr Name="UsedIn" Val="synthesis"/>
        <Attr Name="UsedIn" Val="implementation"/>
        <Attr Name="UsedIn" Val="simulation"/>
      </FileInfo>
    </File>
    <File Path="$PSRCDIR/sources_1/imports/CAProject-hyonestar19_pipeline/CA/PC.v">
      <FileInfo>
        <Attr Name="ImportPath" Val="$PPRDIR/../CAProject-hyonestar19_pipeline/CAProject-hyonestar19_pipeline/CA/PC.v"/>
        <Attr Name="ImportTime" Val="1685948020"/>
        <Attr Name="UsedIn" Val="synthesis"/>
        <Attr Name="UsedIn" Val="implementation"/>
        <Attr Name="UsedIn" Val="simulation"/>
      </FileInfo>
    </File>
    <File Path="$PSRCDIR/sources_1/imports/CAProject-hyonestar19_pipeline/CA/WB.v">
      <FileInfo>
        <Attr Name="ImportPath" Val="$PPRDIR/../CAProject-hyonestar19_pipeline/CAProject-hyonestar19_pipeline/CA/WB.v"/>
        <Attr Name="ImportTime" Val="1685948020"/>
        <Attr Name="UsedIn" Val="synthesis"/>
        <Attr Name="UsedIn" Val="implementation"/>
        <Attr Name="UsedIn" Val="simulation"/>
      </FileInfo>
    </File>
    <File Path="$PSRCDIR/sources_1/imports/CAProject-hyonestar19_pipeline/Project2023_files/counter.v">
      <FileInfo>
        <Attr Name="ImportPath" Val="$PPRDIR/../CAProject-hyonestar19_pipeline/CAProject-hyonestar19_pipeline/Project2023_files/counter.v"/>
        <Attr Name="ImportTime" Val="1685948020"/>
        <Attr Name="UsedIn" Val="synthesis"/>
        <Attr Name="UsedIn" Val="implementation"/>
        <Attr Name="UsedIn" Val="simulation"/>
      </FileInfo>
    </File>
    <File Path="$PSRCDIR/sources_1/imports/CAProject-hyonestar19_pipeline/CA/iMEM.v">
      <FileInfo>
        <Attr Name="ImportPath" Val="$PPRDIR/../CAProject-hyonestar19_pipeline/CAProject-hyonestar19_pipeline/CA/iMEM.v"/>
        <Attr Name="ImportTime" Val="1685948020"/>
        <Attr Name="UsedIn" Val="synthesis"/>
        <Attr Name="UsedIn" Val="implementation"/>
        <Attr Name="UsedIn" Val="simulation"/>
      </FileInfo>
    </File>
    <File Path="$PSRCDIR/sources_1/imports/CAProject-hyonestar19_pipeline/CA/RISCVpipeline.v">
      <FileInfo>
        <Attr Name="ImportPath" Val="$PPRDIR/../CAProject-hyonestar19_pipeline/CAProject-hyonestar19_pipeline/CA/RISCVpipeline.v"/>
        <Attr Name="ImportTime" Val="1685948020"/>
        <Attr Name="UsedIn" Val="synthesis"/>
        <Attr Name="UsedIn" Val="implementation"/>
        <Attr Name="UsedIn" Val="simulation"/>
      </FileInfo>
    </File>
    <File Path="$PSRCDIR/sources_1/imports/src/darksocv.ram.mem">
      <FileInfo>
        <Attr Name="ImportPath" Val="$PPRDIR/../CAProject-hyonestar19_pipeline/CAProject-hyonestar19_pipeline/src/darksocv.ram.mem"/>
        <Attr Name="ImportTime" Val="1685948020"/>
        <Attr Name="UsedIn" Val="synthesis"/>
        <Attr Name="UsedIn" Val="simulation"/>
      </FileInfo>
    </File>
    <File Path="$PSRCDIR/sources_1/imports/src/darksocv.rom.mem">
      <FileInfo>
        <Attr Name="ImportPath" Val="$PPRDIR/../CAProject-hyonestar19_pipeline/CAProject-hyonestar19_pipeline/src/darksocv.rom.mem"/>
        <Attr Name="ImportTime" Val="1685948020"/>
        <Attr Name="UsedIn" Val="synthesis"/>
        <Attr Name="UsedIn" Val="simulation"/>
      </FileInfo>
    </File>
    <Config>
      <Option Name="DesignMode" Val="RTL"/>
      <Option Name="TopModule" Val="RISCVpipeline"/>
      <Option Name="TopAutoSet" Val="TRUE"/>
    </Config>
  </FileSet>
  <FileSet Name="constrs_in" Type="Constrs" RelSrcDir="$PSRCDIR/constrs_1">
    <Filter Type="Constrs"/>
    <File Path="$PSRCDIR/constrs_1/imports/RISCV/RISCV.xdc">
      <FileInfo>
        <Attr Name="ImportPath" Val="$PPRDIR/../RISCV.xdc"/>
        <Attr Name="ImportTime" Val="1685951941"/>
        <Attr Name="UsedIn" Val="synthesis"/>
        <Attr Name="UsedIn" Val="implementation"/>
      </FileInfo>
    </File>
    <Config>
      <Option Name="ConstrsType" Val="XDC"/>
    </Config>
  </FileSet>
  <FileSet Name="utils" Type="Utils" RelSrcDir="$PSRCDIR/utils_1">
    <Filter Type="Utils"/>
    <Config>
      <Option Name="TopAutoSet" Val="TRUE"/>
    </Config>
  </FileSet>
  <Strategy Version="1" Minor="2">
    <StratHandle Name="Vivado Synthesis Defaults" Flow="Vivado Synthesis 2020"/>
    <Step Id="synth_design"/>
  </Strategy>
</GenRun>
